"Time_Iter","Outer_Iter","Inner_Iter",    "rms[Rho]"    ,    "rms[RhoU]"   ,    "rms[RhoV]"   ,    "rms[RhoW]"   ,    "rms[RhoE]"   
          0,           0,           0,      -5.204927974,      -5.218571093,      -6.418470115,      -6.101420299,      -4.597761973
          0,           0,           1,      -4.872443692,      -4.639049822,      -4.921423791,      -4.753897662,      -4.244280972
          0,           0,           2,      -4.814654681,      -4.636480988,      -4.645168607,      -4.521571727,      -4.197364195
          0,           0,           3,      -4.714464663,      -4.582951719,      -4.577171137,      -4.380153354,      -4.101204391
          0,           0,           4,      -4.702647548,      -4.574466287,      -4.507453196,      -4.304778353,      -4.085998626
          0,           0,           5,      -4.727803894,      -4.660316156,       -4.48150712,       -4.30549775,      -4.123881391
          0,           0,           6,      -4.708742345,      -4.759749003,      -4.504567002,       -4.34687112,      -4.116972141
          0,           0,           7,      -4.700895927,      -4.703852308,      -4.543488577,      -4.381168105,      -4.078352516
          0,           0,           8,       -4.72946626,      -4.715210799,      -4.585296184,      -4.409912144,      -4.111686424
          0,           0,           9,      -4.770346128,      -4.772096013,      -4.651766654,      -4.458485382,      -4.161665162
          0,           0,          10,      -4.843787831,      -4.872667494,      -4.735304385,      -4.526797544,      -4.233920556
          0,           0,          11,      -4.907436099,      -4.965144133,      -4.806613697,      -4.594980642,      -4.308973329
          0,           0,          12,      -4.973643582,       -5.02879983,      -4.885802302,      -4.676799814,      -4.371376308
          0,           0,          13,      -5.044620341,      -5.060554157,      -4.974510135,      -4.766300535,      -4.424869899
          0,           0,          14,      -5.108511635,      -5.100827169,      -5.078763533,      -4.865710809,      -4.482210004
          0,           0,          15,      -5.170806155,      -5.162605998,      -5.170114573,      -4.952419711,      -4.556275375
          0,           0,          16,      -5.251983982,      -5.256432698,      -5.277921582,      -5.054800158,      -4.642580526
          0,           0,          17,      -5.358808602,      -5.372271039,      -5.390112206,       -5.16885201,      -4.744035532
          0,           0,          18,      -5.467995464,      -5.489709854,      -5.499387598,      -5.294958107,      -4.847405785
          0,           0,          19,       -5.56425301,      -5.589944601,      -5.605020603,      -5.427549698,      -4.942144066
          0,           0,          20,      -5.660702377,      -5.680048959,      -5.718724368,      -5.560234052,      -5.036552732
          0,           0,          21,      -5.770073754,      -5.773140052,      -5.845793457,      -5.683335491,      -5.143237685
          0,           0,          22,       -5.89265081,      -5.873262737,      -5.984857911,      -5.799056094,      -5.263176703
          0,           0,          23,      -6.018103023,      -5.975068349,      -6.125165169,      -5.915846508,      -5.387672971
          0,           0,          24,      -6.131830655,      -6.070840919,      -6.252237328,      -6.035886026,      -5.504843873
          0,           0,          25,      -6.239120315,       -6.16564637,      -6.375060743,      -6.163972977,      -5.614894857
          0,           0,          26,      -6.346865495,      -6.262523808,      -6.497753237,      -6.291336785,       -5.72327996
          0,           0,          27,      -6.457403694,      -6.363415159,      -6.620934853,      -6.409035247,      -5.833412578
          0,           0,          28,      -6.562155339,      -6.461371727,      -6.729994469,      -6.510960883,      -5.941558483
          0,           0,          29,      -6.668734823,      -6.565890495,      -6.834970128,        -6.6101374,      -6.049206057
          0,           0,          30,      -6.774474415,      -6.672500024,      -6.925454196,      -6.703723206,      -6.154219381
          0,           0,          31,      -6.865282268,      -6.764239759,      -6.988857491,      -6.783774519,      -6.252193422
          0,           0,          32,      -6.955275854,      -6.861209191,       -7.05610864,      -6.865181807,      -6.346141094
          0,           0,          33,      -7.046166499,      -6.958044326,      -7.122555887,       -6.94086921,      -6.435576192
          0,           0,          34,      -7.138311254,      -7.053807063,      -7.185354527,      -7.006141584,      -6.524369936
          0,           0,          35,      -7.224843402,      -7.139377967,      -7.241622246,      -7.064878042,      -6.615530242
          0,           0,          36,      -7.313335954,      -7.230930913,      -7.306361643,      -7.126826552,      -6.705166606
          0,           0,          37,      -7.403530668,      -7.322722631,      -7.372248228,      -7.189827488,      -6.792127436
          0,           0,          38,      -7.492916221,      -7.413711966,      -7.435722119,      -7.250990112,      -6.877453935
          0,           0,          39,      -7.575084296,      -7.496285235,      -7.493171981,      -7.310010769,       -6.96385066
          0,           0,          40,       -7.65623812,        -7.5836064,      -7.557974952,      -7.375500345,      -7.046030931
          0,           0,          41,      -7.735771173,      -7.669103257,       -7.62419898,       -7.44292875,      -7.122568673
          0,           0,          42,      -7.812752567,      -7.750299358,      -7.689602229,      -7.507506019,      -7.195969798
          0,           0,          43,      -7.881751089,      -7.819603276,      -7.747708878,      -7.566990746,      -7.269394228
          0,           0,          44,       -7.95017697,      -7.890337192,      -7.813963969,        -7.6320339,      -7.338478932
          0,           0,          45,      -8.018923552,      -7.956946623,      -7.882477043,      -7.698865654,      -7.404223757
          0,           0,          46,      -8.086004135,      -8.020282302,      -7.950570661,      -7.764353058,      -7.468040731
          0,           0,          47,      -8.148537202,      -8.082084343,      -8.010447587,      -7.827413968,      -7.534806204
          0,           0,          48,      -8.213527491,      -8.150107292,      -8.078436446,      -7.897576655,      -7.600307955
          0,           0,          49,      -8.284292341,      -8.220169685,      -8.149554256,      -7.970292369,      -7.667951848
          0,           0,          50,      -8.359245623,      -8.292519659,      -8.218624173,       -8.04053249,       -7.73905731
          0,           0,          51,      -8.437590748,       -8.36962917,      -8.284701172,       -8.10725091,      -7.814963553
          0,           0,          52,      -8.520038926,      -8.450316695,      -8.349223771,      -8.172558938,      -7.895792901
          0,           0,          53,      -8.605377744,      -8.532410166,      -8.414678982,      -8.239098891,      -7.979816847
          0,           0,          54,      -8.689896417,      -8.612434674,      -8.483808052,      -8.307912981,      -8.063365196
          0,           0,          55,      -8.769136918,      -8.688028587,      -8.558221382,       -8.37901837,      -8.142337024
          0,           0,          56,      -8.840101399,      -8.758797364,      -8.637893676,      -8.451607361,      -8.213174284
          0,           0,          57,      -8.903014756,      -8.827294485,      -8.714860791,      -8.522594522,       -8.28136222
          0,           0,          58,      -8.963706013,      -8.897822126,      -8.801677612,      -8.600959642,       -8.34310808
          0,           0,          59,       -9.02501292,       -8.97031749,      -8.893304847,      -8.683371374,      -8.402954754
          0,           0,          60,      -9.091535263,      -9.049416641,      -8.985568329,       -8.76800104,      -8.467171187
          0,           0,          61,      -9.165111218,      -9.135088532,      -9.064710608,      -8.848169679,      -8.544356859
          0,           0,          62,      -9.246154289,      -9.228237749,      -9.151093492,      -8.936549771,      -8.624261247
          0,           0,          63,      -9.335528892,      -9.324942661,      -9.239817073,      -9.029704681,      -8.709725274
          0,           0,          64,      -9.429847838,       -9.42110431,      -9.327817172,      -9.123718802,      -8.800031149
          0,           0,          65,      -9.513669275,       -9.50443097,      -9.401368326,      -9.206732017,      -8.890501059
          0,           0,          66,      -9.595783442,      -9.581005775,      -9.485075803,      -9.295374562,      -8.974063975
          0,           0,          67,      -9.673720866,      -9.645943921,      -9.572041018,      -9.383212751,      -9.050499873
          0,           0,          68,      -9.742860052,      -9.700310822,      -9.653840831,      -9.461768641,      -9.118505254
          0,           0,          69,      -9.801064091,      -9.754782874,      -9.720790659,      -9.528537061,      -9.185028061
          0,           0,          70,      -9.862922738,      -9.811178364,      -9.789315727,      -9.594470134,      -9.247968483
          0,           0,          71,       -9.92865213,      -9.868925881,      -9.848987822,      -9.653906068,      -9.310905322
          0,           0,          72,      -9.996915318,      -9.933330934,      -9.899156249,      -9.706938994,      -9.377441676
          0,           0,          73,      -10.06734768,      -10.00050223,      -9.936101902,      -9.746995655,      -9.444377696
          0,           0,          74,      -10.13765557,      -10.07436334,      -9.976331769,      -9.793615005,      -9.522865395
          0,           0,          75,      -10.21184867,      -10.14836579,      -10.02029568,      -9.841994147,      -9.595218033
          0,           0,          76,      -10.28505893,      -10.21860003,      -10.06126797,       -9.88686918,      -9.662443291
          0,           0,          77,      -10.34790909,      -10.28108937,      -10.09763764,      -9.921930297,      -9.721006693
          0,           0,          78,      -10.39587955,       -10.3386717,      -10.13924591,      -9.963272833,      -9.780344675
          0,           0,          79,       -10.4492818,      -10.39929947,      -10.18806643,      -10.01040647,      -9.833179962
          0,           0,          80,      -10.50409975,      -10.45572534,       -10.2413504,      -10.06172074,      -9.882852402
          0,           0,          81,      -10.54745357,      -10.50772608,      -10.29412108,      -10.11491192,      -9.934195746
          0,           0,          82,      -10.59799632,       -10.5617634,       -10.3587572,      -10.17635198,      -9.982890492
          0,           0,          83,       -10.6525739,       -10.6122183,      -10.43015575,      -10.24224486,      -10.03188715
          0,           0,          84,      -10.69934645,      -10.66864338,      -10.49534572,      -10.30612209,      -10.08798281
          0,           0,          85,      -10.75270301,      -10.72434163,      -10.57194403,      -10.37955956,      -10.13812274
          0,           0,          86,      -10.80867457,      -10.77663828,      -10.65594168,      -10.45933945,      -10.18716942
          0,           0,          87,      -10.85258241,      -10.83119838,      -10.72991477,      -10.53326025,      -10.24110311
          0,           0,          88,      -10.90293679,      -10.88666819,      -10.81694753,      -10.61676691,      -10.28843588
          0,           0,          89,      -10.95948664,      -10.94114529,      -10.91183427,       -10.7060934,      -10.33695223
          0,           0,          90,      -11.00362772,      -10.99395703,       -10.9928125,      -10.78630143,      -10.39242072
          0,           0,          91,        -11.054852,      -11.04440557,      -11.08576857,      -10.87449856,      -10.44063039
          0,           0,          92,      -11.11505856,      -11.09147124,      -11.18335072,      -10.96515063,      -10.49227868
          0,           0,          93,      -11.16170679,      -11.13283067,      -11.26193201,      -11.04334064,      -10.55011676
          0,           0,          94,       -11.2160543,       -11.1733407,      -11.34879504,      -11.12520479,      -10.60240886
          0,           0,          95,      -11.27341656,      -11.19965419,      -11.42939896,      -11.20130335,      -10.64990134
          0,           0,          96,       -11.3122918,      -11.22493442,      -11.48608858,      -11.26401957,      -10.70098656
          0,           0,          97,      -11.35556911,      -11.24857168,      -11.54548001,      -11.32345093,      -10.74220019
          0,           0,          98,      -11.39186987,      -11.25616507,      -11.58489218,      -11.36772688,       -10.7689005
          0,           0,          99,      -11.41440519,      -11.27697886,      -11.60573381,      -11.40419398,       -10.8057095
          0,           0,         100,      -11.44134509,      -11.29946627,      -11.62851074,      -11.43404568,      -10.83005817
          0,           0,         101,      -11.46555211,       -11.3142327,      -11.63285043,      -11.44807281,      -10.84380022
          0,           0,         102,      -11.48576556,      -11.34554691,      -11.63671624,      -11.46745839,      -10.87842292
          0,           0,         103,      -11.50936569,       -11.3769479,      -11.64042549,      -11.47763931,      -10.89780196
          0,           0,         104,      -11.53821009,        -11.407979,      -11.63481004,      -11.47543476,      -10.91641727
          0,           0,         105,      -11.56650412,      -11.45094984,      -11.63992208,      -11.48936228,      -10.95810897
          0,           0,         106,      -11.59878318,      -11.49729569,      -11.65304279,      -11.50515457,      -10.98684608
          0,           0,         107,      -11.64071701,      -11.54719362,      -11.66750311,      -11.52050664,      -11.01846491
          0,           0,         108,      -11.68135418,       -11.6023621,      -11.68784322,      -11.54805461,      -11.07056582
          0,           0,         109,      -11.72564879,      -11.66300816,      -11.72012011,      -11.58192834,      -11.11223085
          0,           0,         110,      -11.77980791,      -11.72624909,      -11.75499144,      -11.61852679,      -11.15695888
          0,           0,         111,       -11.8313616,      -11.78830127,       -11.7835456,      -11.65939583,      -11.21800212
          0,           0,         112,      -11.88521526,      -11.85355665,      -11.82410266,      -11.70945363,      -11.27018581
          0,           0,         113,      -11.94429903,      -11.91441485,      -11.86155376,      -11.76500151,      -11.32174874
          0,           0,         114,      -12.00086308,       -11.9674616,      -11.88328661,      -11.82509546,      -11.37592743
