"Time_Iter","Outer_Iter","Inner_Iter",    "rms[Rho]"    ,    "rms[RhoU]"   ,    "rms[RhoV]"   ,    "rms[RhoE]"   ,     "rms[nu]"    
          0,           0,           0,      -3.817847868,      -16.22012187,      -16.16769854,       -2.36640259,      -10.69911848
          0,           0,           1,      -4.619571275,      -3.671028968,      -3.610891419,      -3.166525407,      -10.43504083
          0,           0,           2,      -4.547050924,      -3.758110817,      -4.024459316,      -3.087922754,      -10.15478602
          0,           0,           3,      -4.593270838,      -3.848092103,      -4.352165158,      -3.138094389,      -9.842205936
          0,           0,           4,      -4.719215715,      -3.919523728,      -4.275621548,      -3.270314619,      -9.541765276
          0,           0,           5,      -4.832184287,      -3.974110677,      -4.295533675,      -3.389131171,      -9.254056418
          0,           0,           6,       -4.90949954,      -4.017782154,      -4.386984861,      -3.468357666,      -8.981785349
          0,           0,           7,      -4.981361248,      -4.051309098,      -4.491978344,      -3.545278241,      -8.748431981
          0,           0,           8,      -5.058421644,      -4.074862597,       -4.55862197,      -3.634794324,      -8.609357143
          0,           0,           9,      -5.122437974,      -4.114202666,      -4.606258424,      -3.702774362,      -8.555997523
          0,           0,          10,      -5.168323437,      -4.167588768,       -4.67231518,        -3.7347182,      -8.580123579
          0,           0,          11,      -5.216990755,      -4.221470663,      -4.751151651,      -3.769277432,      -8.575912248
          0,           0,          12,      -5.280076907,      -4.268657726,      -4.808103678,      -3.832343387,      -8.582163905
          0,           0,          13,      -5.344007467,      -4.308937925,      -4.833134048,       -3.91199579,      -8.657428116
          0,           0,          14,      -5.388069475,      -4.345321497,      -4.854577105,      -3.970812994,      -8.667248445
          0,           0,          15,      -5.416699338,      -4.379987412,      -4.890812473,      -3.997543566,       -8.68369712
          0,           0,          16,      -5.451457632,      -4.413047926,      -4.937699137,      -4.022056756,      -8.738079183
          0,           0,          17,      -5.502902304,      -4.444541054,      -4.982576016,      -4.065319066,      -8.765997152
          0,           0,          18,      -5.566676686,      -4.474939925,      -5.016656384,      -4.126798126,      -8.795218959
          0,           0,          19,       -5.63191896,      -4.504389269,      -5.040369334,      -4.195251832,      -8.818065261
          0,           0,          20,       -5.69189723,      -4.532355461,      -5.059766655,      -4.260405806,      -8.834002374
          0,           0,          21,      -5.747292373,      -4.558055586,      -5.079702035,      -4.320194134,      -8.845576049
          0,           0,          22,      -5.799870943,      -4.581384815,      -5.102046406,      -4.376504891,      -8.853138063
          0,           0,          23,      -5.847966935,      -4.602871919,      -5.126609194,      -4.428227893,      -8.856886601
          0,           0,          24,      -5.888670127,      -4.622992087,      -5.151769867,      -4.471389065,      -8.858207509
          0,           0,          25,      -5.922203143,      -4.641668796,      -5.175328977,      -4.504584819,      -8.857616447
          0,           0,          26,      -5.951736176,      -4.658450189,      -5.195689719,      -4.530910188,      -8.855730918
          0,           0,          27,       -5.98050606,      -4.673102665,      -5.212615477,      -4.554599832,      -8.852930457
          0,           0,          28,      -6.011064056,      -4.685837425,      -5.227193724,      -4.578703316,        -8.8494286
          0,           0,          29,       -6.04524378,      -4.697088149,      -5.240883782,      -4.604580692,      -8.845358514
          0,           0,          30,      -6.083752415,      -4.707209042,      -5.254536298,      -4.632184117,      -8.840756577
          0,           0,          31,      -6.125422148,      -4.716349165,       -5.26813173,      -4.660277141,      -8.835602081
          0,           0,          32,      -6.166630914,      -4.724499198,      -5.281109416,      -4.686493999,      -8.829835406
          0,           0,          33,      -6.202240574,      -4.731637552,      -5.292871493,      -4.708077405,      -8.823357447
          0,           0,          34,      -6.228640577,       -4.73782387,      -5.303116474,      -4.723423609,      -8.816064346
          0,           0,          35,      -6.246576131,      -4.743190623,      -5.311852957,      -4.733170264,      -8.807882087
          0,           0,          36,       -6.26045256,      -4.747883729,      -5.319223917,      -4.739634677,      -8.798759012
          0,           0,          37,      -6.274865395,      -4.752020327,      -5.325366968,      -4.745087003,      -8.788687731
          0,           0,          38,       -6.29182979,      -4.755672008,      -5.330405478,      -4.750362898,      -8.777701408
          0,           0,          39,      -6.310308955,      -4.758881582,      -5.334503982,      -4.754773229,      -8.765860527
          0,           0,          40,      -6.327584618,      -4.761688328,      -5.337872772,      -4.757133088,      -8.753224091
          0,           0,          41,      -6.341400236,      -4.764147298,      -5.340703952,      -4.756961693,      -8.739885711
          0,           0,          42,      -6.351431217,      -4.766334831,      -5.343117059,      -4.754909563,      -8.725921918
          0,           0,          43,      -6.359082662,      -4.768345789,       -5.34517656,      -4.752266896,      -8.711407418
          0,           0,          44,      -6.366173712,      -4.770283219,      -5.346964483,      -4.750187303,      -8.696415651
          0,           0,          45,      -6.373860005,      -4.772244947,      -5.348643783,      -4.749249157,      -8.681007008
          0,           0,          46,       -6.38243939,      -4.774310389,      -5.350465832,      -4.749487642,      -8.665243827
          0,           0,          47,      -6.391769023,      -4.776532169,      -5.352722834,      -4.750680782,      -8.649166066
          0,           0,          48,      -6.401744546,      -4.778934344,      -5.355675628,      -4.752617936,      -8.632815691
          0,           0,          49,      -6.412479525,      -4.781517797,      -5.359500096,      -4.755201448,      -8.616242245
          0,           0,          50,      -6.424156777,      -4.784270142,      -5.364268518,      -4.758395984,      -8.599465076
          0,           0,          51,      -6.436780013,      -4.787176017,      -5.369964254,      -4.762132767,      -8.582526517
          0,           0,          52,      -6.450051496,      -4.790224603,      -5.376511256,       -4.76626685,      -8.565451407
          0,           0,          53,      -6.463468955,      -4.793413058,       -5.38380176,      -4.770613247,       -8.54829609
          0,           0,          54,       -6.47657071,      -4.796746023,      -5.391716193,      -4.775023605,      -8.531041406
          0,           0,          55,      -6.489154214,      -4.800233239,      -5.400133351,      -4.779442444,      -8.513737184
          0,           0,          56,       -6.50133335,      -4.803886214,      -5.408936117,      -4.783907187,      -8.496394547
          0,           0,          57,      -6.513407948,      -4.807715391,      -5.418015677,      -4.788501302,       -8.47904458
          0,           0,          58,      -6.525662856,      -4.811728188,      -5.427277447,      -4.793296989,      -8.461701108
          0,           0,          59,      -6.538230106,      -4.815928034,      -5.436647277,       -4.79832294,      -8.444366047
          0,           0,          60,      -6.551067052,      -4.820314564,      -5.446073191,      -4.803564908,      -8.427074382
          0,           0,          61,      -6.564027013,      -4.824884661,      -5.455524267,       -4.80898644,      -8.409827787
          0,           0,          62,      -6.576944568,       -4.82963362,      -5.464985561,      -4.814548847,      -8.392647812
          0,           0,          63,       -6.58968428,      -4.834556669,      -5.474452135,      -4.820220972,       -8.37553509
          0,           0,          64,      -6.602140771,      -4.839649953,      -5.483924719,      -4.825977822,      -8.358509256
          0,           0,          65,      -6.614217939,      -4.844910429,      -5.493407656,      -4.831797364,      -8.341582424
          0,           0,          66,      -6.625813295,      -4.850335773,      -5.502908073,      -4.837659991,      -8.324773343
          0,           0,          67,       -6.63683164,      -4.855923656,      -5.512437081,      -4.843553358,      -8.308092338
          0,           0,          68,      -6.647212156,      -4.861670958,      -5.522011004,      -4.849477183,       -8.29152081
          0,           0,          69,      -6.656947952,      -4.867573341,      -5.531650891,      -4.855444229,      -8.275091397
          0,           0,          70,      -6.666086159,      -4.873625162,      -5.541382465,      -4.861477146,      -8.258820009
          0,           0,          71,      -6.674703052,      -4.879819506,      -5.551234444,      -4.867600165,      -8.242706873
          0,           0,          72,      -6.682873067,       -4.88614855,      -5.561235514,      -4.873832149,      -8.226767741
          0,           0,          73,      -6.690644862,      -4.892603911,      -5.571412124,      -4.880181955,      -8.211008072
          0,           0,          74,      -6.698031211,      -4.899176752,      -5.581786325,      -4.886646755,      -8.195410734
          0,           0,          75,      -6.705018158,      -4.905858089,      -5.592373567,      -4.893215529,      -8.179964843
          0,           0,          76,      -6.711584643,      -4.912638879,      -5.603182244,       -4.89987398,      -8.164695323
          0,           0,          77,      -6.717721813,      -4.919509908,      -5.614213469,      -4.906608664,      -8.149606499
          0,           0,          78,      -6.723447606,      -4.926461965,      -5.625461361,      -4.913411229,      -8.134709418
          0,           0,          79,      -6.728810581,      -4.933485977,      -5.636913932,      -4.920279707,      -8.120012582
          0,           0,          80,      -6.733881897,      -4.940573189,       -5.64855433,       -4.92721734,      -8.105514322
          0,           0,          81,      -6.738740624,      -4.947715149,      -5.660362403,      -4.934229525,      -8.091222474
          0,           0,          82,      -6.743458963,       -4.95490409,       -5.67231548,      -4.941321215,      -8.077144197
          0,           0,          83,       -6.74809083,      -4.962133056,      -5.684390356,      -4.948494323,      -8.063229954
          0,           0,          84,      -6.752666064,      -4.969396009,      -5.696564748,      -4.955746228,      -8.049481293
          0,           0,          85,       -6.75719062,      -4.976687667,      -5.708818898,      -4.963069495,      -8.035919491
          0,           0,          86,      -6.761651166,      -4.984003599,       -5.72113604,       -4.97045315,       -8.02254498
          0,           0,          87,      -6.766022884,      -4.991339998,      -5.733503474,      -4.977884394,      -8.009360186
          0,           0,          88,      -6.770276781,      -4.998693495,      -5.745912813,      -4.985350245,      -7.996364918
          0,           0,          89,      -6.774386633,      -5.006061017,      -5.758359815,      -4.992839182,      -7.983563432
          0,           0,          90,       -6.77833434,      -5.013439569,      -5.770843837,      -5.000342296,      -7.970956726
          0,           0,          91,       -6.78211282,      -5.020826207,       -5.78336666,      -5.007853943,      -7.958544595
          0,           0,          92,      -6.785726883,      -5.028217976,      -5.795931528,      -5.015371735,      -7.946322934
          0,           0,          93,      -6.789191113,      -5.035611883,      -5.808541951,      -5.022895785,      -7.934293953
          0,           0,          94,       -6.79252548,      -5.043004924,      -5.821200594,      -5.030427561,      -7.922450209
          0,           0,          95,       -6.79575083,      -5.050394137,      -5.833908424,      -5.037968677,       -7.91079452
          0,           0,          96,      -6.798884806,      -5.057776634,      -5.846664182,      -5.045519728,      -7.899321239
          0,           0,          97,       -6.80193919,      -5.065149661,      -5.859463962,      -5.053079538,      -7.887998763
          0,           0,          98,      -6.804918969,      -5.072510676,       -5.87230114,      -5.060644853,      -7.876836512
          0,           0,          99,      -6.807822816,      -5.079857316,      -5.885167082,      -5.068210371,      -7.865848293
          0,           0,         100,      -6.810644099,      -5.087187372,      -5.898050798,      -5.075769004,      -7.855029313
          0,           0,         101,      -6.813372821,      -5.094498781,      -5.910940453,      -5.083312442,       -7.84439279
          0,           0,         102,      -6.815997053,      -5.101789537,      -5.923823921,      -5.090831719,      -7.833944489
          0,           0,         103,      -6.818503916,       -5.10905761,      -5.936689514,      -5.098317688,      -7.823685557
          0,           0,         104,      -6.820879829,      -5.116300845,       -5.94952646,      -5.105761255,      -7.813628013
          0,           0,         105,      -6.823110449,      -5.123516875,      -5.962325129,       -5.11315352,      -7.803784149
          0,           0,         106,      -6.825180569,      -5.130702997,      -5.975076992,      -5.120485736,      -7.794158533
          0,           0,         107,      -6.827073952,      -5.137856109,      -5.987774231,      -5.127749286,      -7.784776445
          0,           0,         108,      -6.828773649,      -5.144972645,      -6.000409041,      -5.134935624,      -7.775641301
          0,           0,         109,      -6.830262638,      -5.152048533,      -6.012972632,      -5.142036206,      -7.766778867
          0,           0,         110,      -6.831524688,      -5.159079162,      -6.025454187,      -5.149042523,      -7.758206735
          0,           0,         111,      -6.832545502,      -5.166059411,      -6.037839722,      -5.155946192,      -7.749937635
          0,           0,         112,      -6.833313682,       -5.17298365,      -6.050110953,      -5.162739058,      -7.742007816
          0,           0,         113,      -6.833821612,      -5.179845758,      -6.062244145,      -5.169413302,      -7.734416586
          0,           0,         114,      -6.834065938,      -5.186639226,      -6.074208957,      -5.175961534,      -7.727207835
          0,           0,         115,       -6.83404771,      -5.193357176,      -6.085967496,      -5.182376823,      -7.720391319
          0,           0,         116,      -6.833772328,      -5.199992451,      -6.097473217,      -5.188652678,      -7.713983495
          0,           0,         117,      -6.833249232,      -5.206537701,      -6.108670205,      -5.194783029,      -7.708012804
          0,           0,         118,      -6.832491577,      -5.212985474,      -6.119492798,      -5.200762266,      -7.702474684
          0,           0,         119,       -6.83151586,      -5.219328363,      -6.129865539,      -5.206585334,      -7.697393645
          0,           0,         120,      -6.830341598,      -5.225559337,      -6.139704041,      -5.212248005,      -7.692781195
          0,           0,         121,       -6.82899067,      -5.231671445,      -6.148916024,       -5.21774668,      -7.688625417
          0,           0,         122,      -6.827487174,      -5.237658103,      -6.157403247,      -5.223078253,      -7.684950147
          0,           0,         123,      -6.825857241,      -5.243513381,      -6.165065086,      -5.228240571,      -7.681756821
          0,           0,         124,      -6.824128681,      -5.249232167,      -6.171802438,      -5.233232697,      -7.679028516
          0,           0,         125,      -6.822330626,      -5.254810405,      -6.177522738,      -5.238054997,      -7.676765104
          0,           0,         126,       -6.82049319,      -5.260245229,       -6.18214506,      -5.242709159,      -7.674969282
          0,           0,         127,      -6.818647201,      -5.265535116,      -6.185605326,      -5.247198295,      -7.673628699
          0,           0,         128,      -6.816823898,      -5.270680165,      -6.187861065,      -5.251527121,      -7.672727857
          0,           0,         129,      -6.815054401,       -5.27568213,      -6.188895801,      -5.255701776,       -7.67226634
          0,           0,         130,      -6.813369327,      -5.280544656,      -6.188720282,      -5.259729963,      -7.672230566
          0,           0,         131,      -6.811798319,      -5.285273291,      -6.187372889,      -5.263620647,      -7.672590874
          0,           0,         132,      -6.810369692,      -5.289875564,      -6.184918118,       -5.26738395,       -7.67334468
          0,           0,         133,      -6.809110106,      -5.294360985,      -6.181443462,      -5.271030926,       -7.67446516
          0,           0,         134,      -6.808044155,      -5.298740795,      -6.177055465,      -5.274573073,      -7.675951329
          0,           0,         135,      -6.807194765,      -5.303028072,      -6.171874837,      -5.278022682,       -7.67777512
          0,           0,         136,      -6.806582923,        -5.3072372,      -6.166031587,      -5.281392318,      -7.679929956
          0,           0,         137,      -6.806228088,      -5.311383911,      -6.159660422,      -5.284695167,      -7.682394553
          0,           0,         138,      -6.806148225,      -5.315484865,      -6.152896309,      -5.287944882,      -7.685173212
          0,           0,         139,       -6.80636008,      -5.319557461,      -6.145870715,      -5.291155742,      -7.688236587
          0,           0,         140,      -6.806879526,       -5.32361959,      -6.138708992,      -5.294342782,      -7.691576541
          0,           0,         141,       -6.80772149,      -5.327689412,      -6.131527973,      -5.297521689,      -7.695186149
          0,           0,         142,      -6.808900056,      -5.331785165,      -6.124434439,      -5.300708798,      -7.699051237
          0,           0,         143,      -6.810428453,      -5.335925003,      -6.117524254,      -5.303920996,        -7.7031459
          0,           0,         144,      -6.812319027,      -5.340126834,      -6.110882155,       -5.30717558,      -7.707459343
          0,           0,         145,      -6.814583197,      -5.344408124,      -6.104582013,      -5.310490048,      -7.711987492
          0,           0,         146,      -6.817231403,      -5.348785791,      -6.098687482,       -5.31388193,      -7.716718532
          0,           0,         147,      -6.820273093,       -5.35327614,      -6.093252892,      -5.317368641,      -7.721616424
          0,           0,         148,      -6.823716615,      -5.357894703,      -6.088324228,      -5.320967255,      -7.726695581
          0,           0,         149,      -6.827569277,      -5.362656153,      -6.083940356,      -5.324694388,       -7.73194539
          0,           0,         150,      -6.831837312,      -5.367574232,      -6.080133607,      -5.328566045,      -7.737357072
          0,           0,         151,      -6.836525981,      -5.372661708,      -6.076930857,      -5.332597576,      -7.742920551
          0,           0,         152,      -6.841639614,      -5.377930279,      -6.074354396,      -5.336803591,      -7.748623449
          0,           0,         153,      -6.847181701,      -5.383390508,      -6.072422429,      -5.341197861,      -7.754435407
          0,           0,         154,       -6.85315502,      -5.389051747,      -6.071149753,      -5.345793279,      -7.760348109
          0,           0,         155,      -6.859561721,      -5.394922063,      -6.070548232,      -5.350601797,      -7.766368853
          0,           0,         156,      -6.866403442,      -5.401008121,      -6.070627517,      -5.355634375,       -7.77248673
          0,           0,         157,      -6.873681275,      -5.407315076,      -6.071395719,      -5.360900942,      -7.778692076
          0,           0,         158,      -6.881395632,      -5.413846778,      -6.072859705,      -5.366410344,      -7.784973575
          0,           0,         159,      -6.889546297,      -5.420605527,      -6.075025559,      -5.372170587,      -7.791320233
          0,           0,         160,       -6.89813179,      -5.427592082,      -6.077898067,      -5.378188693,      -7.797718273
          0,           0,         161,      -6.907150141,      -5.434805662,      -6.081481764,      -5.384470772,       -7.80416182
          0,           0,         162,      -6.916597582,      -5.442243808,      -6.085780126,       -5.39102172,      -7.810640497
          0,           0,         163,      -6.926469763,      -5.449902561,      -6.090796342,      -5.397845591,      -7.817145327
          0,           0,         164,      -6.936760823,      -5.457776244,      -6.096532305,      -5.404945345,      -7.823666121
          0,           0,         165,      -6.947463666,      -5.465857473,       -6.10298889,      -5.412322887,      -7.830190898
          0,           0,         166,      -6.958570772,       -5.47413734,      -6.110166502,      -5.419979039,      -7.836715402
          0,           0,         167,      -6.970072506,      -5.482605056,      -6.118063715,      -5.427913178,      -7.843232566
          0,           0,         168,      -6.981958208,      -5.491248225,      -6.126677819,      -5.436123017,      -7.849734918
          0,           0,         169,      -6.994216208,      -5.500053042,       -6.13600516,      -5.444604169,      -7.856216262
          0,           0,         170,      -7.006831806,      -5.509003891,      -6.146040266,      -5.453350088,      -7.862672626
          0,           0,         171,      -7.019788588,      -5.518083835,      -6.156776188,      -5.462351305,      -7.869095484
          0,           0,         172,      -7.033067878,      -5.527274883,      -6.168204486,      -5.471595181,      -7.875486009
          0,           0,         173,      -7.046647309,      -5.536557569,      -6.180314911,         -5.481067,      -7.881841897
          0,           0,         174,      -7.060502368,      -5.545911643,      -6.193095211,      -5.490748678,      -7.888140816
          0,           0,         175,      -7.074605771,      -5.555316329,      -6.206530864,      -5.500619676,      -7.894396848
          0,           0,         176,      -7.088927458,      -5.564749973,      -6.220604966,      -5.510659294,      -7.900608005
          0,           0,         177,      -7.103435935,      -5.574190917,      -6.235296995,       -5.52084446,      -7.906781512
          0,           0,         178,      -7.118097893,      -5.583617653,      -6.250582105,      -5.531152011,      -7.912914441
          0,           0,         179,      -7.132879072,       -5.59300875,      -6.266430866,      -5.541559903,       -7.91901019
          0,           0,         180,      -7.147744296,      -5.602343859,      -6.282807369,      -5.552044475,       -7.92506799
          0,           0,         181,      -7.162657763,      -5.611603491,      -6.299668975,      -5.562583602,      -7.931078922
          0,           0,         182,      -7.177582963,      -5.620769636,      -6.316964871,      -5.573154627,      -7.937044549
          0,           0,         183,      -7.192482647,       -5.62982641,      -6.334635173,      -5.583734041,      -7.942986602
          0,           0,         184,      -7.207319911,      -5.638759618,      -6.352610215,      -5.594299965,      -7.948901325
          0,           0,         185,      -7.222057771,      -5.647558071,      -6.370809923,      -5.604827849,      -7.954784649
          0,           0,         186,      -7.236661078,      -5.656212683,      -6.389144079,      -5.615294833,      -7.960640888
          0,           0,         187,      -7.251093878,      -5.664717828,       -6.40751476,      -5.625674866,      -7.966478818
          0,           0,         188,      -7.265319345,      -5.673070718,      -6.425817157,      -5.635943216,      -7.972304362
          0,           0,         189,      -7.279297302,      -5.681272481,      -6.443941841,      -5.646075374,      -7.978118215
          0,           0,         190,      -7.292989079,      -5.689327769,      -6.461773965,      -5.656052367,      -7.983921879
          0,           0,         191,      -7.306360061,      -5.697244735,      -6.479196164,      -5.665861036,      -7.989725714
          0,           0,         192,      -7.319381703,      -5.705034918,      -6.496094112,      -5.675493927,      -7.995534619
          0,           0,         193,      -7.332032021,      -5.712712491,      -6.512358508,      -5.684948702,      -8.001350508
          0,           0,         194,      -7.344294553,      -5.720293183,      -6.527885832,      -5.694226132,      -8.007180763
          0,           0,         195,      -7.356156727,      -5.727795204,      -6.542600399,       -5.70332797,      -8.013035334
          0,           0,         196,      -7.367612035,      -5.735238413,       -6.55645072,      -5.712260915,      -8.018919192
          0,           0,         197,      -7.378659499,      -5.742643952,      -6.569411852,      -5.721036475,      -8.024831505
          0,           0,         198,      -7.389303333,      -5.750033831,      -6.581486985,      -5.729670351,      -8.030779793
          0,           0,         199,      -7.399552362,      -5.757430535,      -6.592707881,      -5.738181516,      -8.036775771
          0,           0,         200,      -7.409419144,       -5.76485663,      -6.603133038,      -5.746591315,      -8.042825764
          0,           0,         201,      -7.418919109,      -5.772334411,      -6.612844406,      -5.754922805,      -8.048929848
          0,           0,         202,      -7.428069707,      -5.779885563,      -6.621942791,       -5.76320024,      -8.055096548
          0,           0,         203,      -7.436889795,      -5.787530866,      -6.630542481,      -5.771448747,      -8.061332652
          0,           0,         204,      -7.445399276,      -5.795289898,      -6.638765544,      -5.779694096,      -8.067644307
          0,           0,         205,      -7.453619044,      -5.803180771,      -6.646736402,      -5.787962529,      -8.074027263
          0,           0,         206,      -7.461571084,      -5.811219869,      -6.654577052,      -5.796280546,      -8.080492261
          0,           0,         207,      -7.469278517,       -5.81942168,      -6.662403245,      -5.804674557,      -8.087040894
          0,           0,         208,      -7.476765545,      -5.827798618,      -6.670321721,      -5.813170395,      -8.093673982
          0,           0,         209,      -7.484057229,      -5.836360901,      -6.678428426,      -5.821792763,      -8.100377714
          0,           0,         210,       -7.49117903,      -5.845116454,       -6.68680758,      -5.830564616,      -8.107181831
          0,           0,         211,      -7.498156207,      -5.854070888,      -6.695531052,      -5.839506571,      -8.114056523
          0,           0,         212,      -7.505013482,       -5.86322745,      -6.704658474,       -5.84863644,       -8.12103259
          0,           0,         213,      -7.511774401,      -5.872587108,      -6.714237545,      -5.857968869,      -8.128105448
          0,           0,         214,      -7.518460982,      -5.882148573,      -6.724304318,      -5.867515031,      -8.135275142
          0,           0,         215,      -7.525093562,      -5.891908385,      -6.734883615,      -5.877282423,      -8.142541227
          0,           0,         216,      -7.531690683,      -5.901861009,      -6.745989558,      -5.887274654,      -8.149901491
          0,           0,         217,      -7.538269009,      -5.911998941,      -6.757625763,      -5.897491332,        -8.1573531
          0,           0,         218,      -7.544843277,      -5.922312816,      -6.769785393,      -5.907928281,      -8.164895995
          0,           0,         219,      -7.551426104,      -5.932791515,      -6.782450131,      -5.918578446,       -8.17252982
          0,           0,         220,       -7.55802809,      -5.943422336,      -6.795588641,      -5.929433652,      -8.180252743
          0,           0,         221,      -7.564658858,      -5.954191227,      -6.809158216,      -5.940485497,      -8.188062924
          0,           0,         222,      -7.571328888,      -5.965083016,      -6.823103562,      -5.951723782,      -8.195958301
          0,           0,         223,      -7.578049447,      -5.976081707,      -6.837360548,      -5.963134754,      -8.203936716
          0,           0,         224,      -7.584830244,      -5.987170644,      -6.851858874,      -5.974698675,      -8.211995881
          0,           0,         225,      -7.591677972,      -5.998332747,      -6.866523029,      -5.986390552,       -8.22013332
          0,           0,         226,      -7.598596608,      -6.009550804,      -6.881272798,      -5.998182466,      -8.228346415
          0,           0,         227,      -7.605588602,      -6.020807758,      -6.896024444,      -6.010045384,      -8.236632787
          0,           0,         228,      -7.612655814,       -6.03208697,      -6.910692459,      -6.021950278,      -8.244989353
          0,           0,         229,      -7.619800138,       -6.04337244,      -6.925192279,        -6.0338685,      -8.253413223
          0,           0,         230,      -7.627023636,      -6.054648997,      -6.939443395,      -6.045772016,      -8.261901464
          0,           0,         231,      -7.634328636,      -6.065902524,      -6.953373218,      -6.057633832,      -8.270454808
          0,           0,         232,      -7.641717419,      -6.077119994,      -6.966919139,      -6.069428155,      -8.279059701
          0,           0,         233,      -7.649192439,      -6.088289734,        -6.9800342,      -6.081131266,       -8.28772303
          0,           0,         234,       -7.65675594,      -6.099401254,      -6.992686332,      -6.092722019,      -8.296440155
          0,           0,         235,      -7.664410201,      -6.110445486,      -7.004862805,      -6.104182292,      -8.305208932
          0,           0,         236,      -7.672157503,      -6.121414833,      -7.016570215,      -6.115498139,       -8.31402724
          0,           0,         237,      -7.679999685,      -6.132302849,      -7.027832138,      -6.126659614,       -8.32289275
          0,           0,         238,      -7.687938232,      -6.143104439,       -7.03868937,      -6.137660746,      -8.331803499
          0,           0,         239,       -7.69597379,       -6.15381583,      -7.049196756,      -6.148499615,      -8.340758481
          0,           0,         240,      -7.704105937,      -6.164434516,      -7.059419942,      -6.159177674,       -8.34975515
          0,           0,         241,      -7.712332997,      -6.174959195,      -7.069432036,      -6.169698785,      -8.358791261
          0,           0,         242,      -7.720651831,      -6.185389697,      -7.079310415,      -6.180068232,      -8.367868207
          0,           0,         243,      -7.729057748,      -6.195726839,      -7.089133878,      -6.190291926,      -8.376984304
          0,           0,         244,      -7.737544626,      -6.205972213,      -7.098980189,      -6.200376057,      -8.386138576
          0,           0,         245,      -7.746105261,      -6.216127911,      -7.108923961,       -6.21032726,      -8.395330404
          0,           0,         246,      -7.754731936,      -6.226196216,      -7.119034786,      -6.220153124,      -8.404559571
          0,           0,         247,      -7.763417102,      -6.236179318,       -7.12937548,      -6.229862724,      -8.413826871
          0,           0,         248,      -7.772153961,       -6.24607907,      -7.140000433,      -6.239466814,      -8.423132621
          0,           0,         249,      -7.780936822,      -6.255896825,         -7.150954,      -6.248977533,       -8.43247756
          0,           0,         250,      -7.789761159,      -6.265633355,      -7.162269049,      -6.258407701,      -8.441865752
          0,           0,         251,      -7.798623428,      -6.275288852,      -7.173965639,      -6.267769938,       -8.45128345
          0,           0,         252,      -7.807520792,      -6.284862907,      -7.186049923,      -6.277075817,      -8.460744031
          0,           0,         253,      -7.816450865,      -6.294354688,      -7.198513141,       -6.28633518,      -8.470245649
          0,           0,         254,      -7.825411653,      -6.303763014,      -7.211331119,      -6.295555722,      -8.479789527
          0,           0,         255,      -7.834401682,      -6.313086486,      -7.224464295,      -6.304742815,      -8.489376976
          0,           0,         256,      -7.843419921,       -6.32232364,      -7.237858746,      -6.313899417,      -8.499008982
          0,           0,         257,      -7.852465564,      -6.331473218,      -7.251448504,      -6.323026158,      -8.508686502
          0,           0,         258,      -7.861537123,      -6.340534176,       -7.26515599,      -6.332121376,       -8.51841042
          0,           0,         259,      -7.870632153,      -6.349506097,      -7.278894924,      -6.341181377,      -8.528183115
          0,           0,         260,      -7.879747186,      -6.358389401,      -7.292571538,      -6.350201192,      -8.538002438
          0,           0,         261,       -7.88887807,      -6.367185498,      -7.306086397,      -6.359175209,      -8.547868613
          0,           0,         262,       -7.89802034,      -6.375896927,      -7.319337315,      -6.368097775,      -8.557784782
          0,           0,         263,      -7.907169464,      -6.384527476,      -7.332223614,      -6.376963722,      -8.567752439
          0,           0,         264,      -7.916321027,      -6.393082235,      -7.344651044,      -6.385768811,      -8.577771657
          0,           0,         265,      -7.925470575,      -6.401567566,      -7.356535566,       -6.39451001,      -8.587843186
          0,           0,         266,      -7.934613674,      -6.409991134,      -7.367810334,      -6.403185661,        -8.5979676
          0,           0,         267,      -7.943746111,      -6.418361853,      -7.378429382,      -6.411795879,        -8.6081457
          0,           0,         268,      -7.952863809,        -6.4266898,      -7.388370748,      -6.420342686,      -8.618377894
          0,           0,         269,      -7.961962807,      -6.434986099,      -7.397637958,      -6.428830147,      -8.628665121
          0,           0,         270,       -7.97103926,       -6.44326277,      -7.406260169,      -6.437264399,      -8.639007974
          0,           0,         271,      -7.980089469,      -6.451532547,      -7.414290106,      -6.445653606,      -8.649406901
          0,           0,         272,      -7.989109806,      -6.459808649,      -7.421800377,      -6.454007779,      -8.659861964
          0,           0,         273,      -7.998096799,      -6.468104522,      -7.428880587,      -6.462338546,      -8.670373502
          0,           0,         274,      -8.007047413,      -6.476433577,       -7.43563209,      -6.470659082,      -8.680942035
          0,           0,         275,      -8.015959036,      -6.484808913,      -7.442163096,      -6.478983913,      -8.691567348
          0,           0,         276,      -8.024829535,      -6.493243045,       -7.44858405,      -6.487328695,      -8.702251707
          0,           0,         277,      -8.033657351,      -6.501747661,      -7.455003539,      -6.495709906,       -8.71299226
          0,           0,         278,      -8.042441564,      -6.510333387,      -7.461524997,      -6.504144465,      -8.723774279
          0,           0,         279,      -8.051181916,      -6.519009553,      -7.468244174,      -6.512649256,      -8.734616008
          0,           0,         280,       -8.05987874,      -6.527784115,      -7.475247339,      -6.521240571,      -8.745510902
          0,           0,         281,      -8.068532983,      -6.536663509,      -7.482610396,      -6.529933594,       -8.75645839
          0,           0,         282,      -8.077146194,      -6.545652565,      -7.490398386,      -6.538741881,      -8.767457162
          0,           0,         283,      -8.085720464,      -6.554754447,      -7.498665533,      -6.547676871,      -8.778505608
          0,           0,         284,      -8.094258336,      -6.563970638,      -7.507455513,      -6.556747587,      -8.789601196
          0,           0,         285,       -8.10276258,      -6.573300947,      -7.516801624,      -6.565960656,      -8.800743781
          0,           0,         286,      -8.111235756,      -6.582743569,      -7.526726395,      -6.575320745,      -8.811932016
          0,           0,         287,      -8.119679782,      -6.592295193,       -7.53724055,      -6.584831195,       -8.82316393
          0,           0,         288,      -8.128096073,      -6.601951157,      -7.548342669,       -6.59449417,      -8.834435442
          0,           0,         289,        -8.1364862,      -6.611705548,      -7.560017748,      -6.604309845,       -8.84574772
          0,           0,         290,       -8.14485244,      -6.621551315,       -7.57224041,      -6.614274987,      -8.857099108
          0,           0,         291,      -8.153197938,      -6.631480384,      -7.584977058,      -6.624382551,      -8.868484394
          0,           0,         292,      -8.161526198,      -6.641483817,      -7.598187364,      -6.634622045,      -8.879906084
          0,           0,         293,      -8.169840584,      -6.651551999,      -7.611825325,      -6.644980332,      -8.891362647
          0,           0,         294,      -8.178144105,      -6.661674836,      -7.625839851,      -6.655442392,      -8.902852485
          0,           0,         295,      -8.186439422,      -6.671841962,      -7.640175233,      -6.665991917,      -8.914374139
          0,           0,         296,      -8.194728971,      -6.682042932,       -7.65477181,       -6.67661173,      -8.925926664
          0,           0,         297,      -8.203015089,      -6.692267406,      -7.669567012,      -6.687284134,      -8.937508376
          0,           0,         298,      -8.211300109,      -6.702505323,      -7.684496806,      -6.697991229,      -8.949117697
          0,           0,         299,      -8.219586421,      -6.712747051,      -7.699497467,      -6.708715257,      -8.960753058
          0,           0,         300,       -8.22787647,      -6.722983534,      -7.714507565,      -6.719438961,       -8.97241293
          0,           0,         301,      -8.236172714,      -6.733206406,      -7.729469925,      -6.730145985,      -8.984095868
          0,           0,         302,      -8.244477532,      -6.743408107,      -7.744333637,       -6.74082126,      -8.995800478
          0,           0,         303,      -8.252793126,      -6.753582016,      -7.759056367,      -6.751451378,      -9.007525374
          0,           0,         304,      -8.261121245,      -6.763722437,      -7.773603782,      -6.762024809,      -9.019269128
          0,           0,         305,       -8.26946305,      -6.773824754,      -7.787952654,      -6.772531893,      -9.031030783
          0,           0,         306,      -8.277818931,      -6.783885484,      -7.802091061,      -6.782964945,        -9.0428094
          0,           0,         307,      -8.286188398,      -6.793902284,      -7.816018238,      -6.793318131,      -9.054604192
          0,           0,         308,      -8.294570112,      -6.803873907,      -7.829744214,      -6.803587275,      -9.066414364
          0,           0,         309,      -8.302962067,      -6.813800106,      -7.843288859,      -6.813769758,      -9.078239518
          0,           0,         310,       -8.31136193,      -6.823681471,      -7.856680307,      -6.823864563,      -9.090079313
          0,           0,         311,      -8.319767482,       -6.83351924,      -7.869952838,      -6.833872377,      -9.101933681
          0,           0,         312,      -8.328177114,      -6.843315083,      -7.883144372,      -6.843795646,      -9.113802738
          0,           0,         313,      -8.336590303,      -6.853070897,      -7.896293748,      -6.853638479,      -9.125686771
          0,           0,         314,      -8.345007927,      -6.862788621,      -7.909437803,      -6.863406407,      -9.137586242
          0,           0,         315,      -8.353432216,      -6.872470108,      -7.922608521,      -6.873106118,      -9.149501833
          0,           0,         316,      -8.361866119,      -6.882117068,       -7.93583037,      -6.882745208,      -9.161434399
          0,           0,         317,      -8.370312182,      -6.891731089,      -7.949117976,      -6.892331913,      -9.173384979
          0,           0,         318,      -8.378771374,      -6.901313704,      -7.962474406,      -6.901874653,      -9.185354579
          0,           0,         319,      -8.387242407,      -6.910866432,      -7.975889053,      -6.911381295,       -9.19734464
          0,           0,         320,       -8.39572267,      -6.920390732,      -7.989333652,      -6.920858489,       -9.20935672
          0,           0,         321,      -8.404211072,      -6.929887904,      -8.002760452,      -6.930311852,      -9.221392433
          0,           0,         322,      -8.412709139,      -6.939359095,      -8.016107113,      -6.939746282,      -9.233453509
          0,           0,         323,      -8.421219013,      -6.948805397,      -8.029301633,      -6.949165306,      -9.245541776
          0,           0,         324,      -8.429742077,      -6.958227782,      -8.042260859,      -6.958570642,      -9.257659151
          0,           0,         325,      -8.438279406,      -6.967627282,      -8.054894351,      -6.967962538,      -9.269807634
          0,           0,         326,      -8.446832243,      -6.977004987,      -8.067106556,      -6.977340346,      -9.281989327
          0,           0,         327,      -8.455402257,      -6.986362051,      -8.078801343,      -6.986702807,      -9.294206532
          0,           0,         328,      -8.463991626,      -6.995699715,      -8.089887351,      -6.996048376,      -9.306462395
          0,           0,         329,      -8.472603175,      -7.005019344,      -8.100283722,      -7.005375657,      -9.318768074
          0,           0,         330,      -8.481240581,      -7.014322561,      -8.109925956,       -7.01468387,      -9.331114651
          0,           0,         331,      -8.489908421,      -7.023611423,      -8.118771952,      -7.023973078,      -9.343495667
          0,           0,         332,      -8.498611694,      -7.032888688,      -8.126807567,       -7.03324383,      -9.355915949
          0,           0,         333,      -8.507354824,      -7.042158055,      -8.134050559,      -7.042496318,      -9.368375464
          0,           0,         334,      -8.516140767,      -7.051424168,      -8.140550745,      -7.051729834,      -9.380858672
          0,           0,         335,      -8.524970854,      -7.060692417,      -8.146385606,      -7.060943182,      -9.393415139
          0,           0,         336,      -8.533845401,      -7.069968752,      -8.151653433,       -7.07013589,      -9.406020096
          0,           0,         337,      -8.542764637,      -7.079259388,      -8.156467065,      -7.079309473,      -9.418674723
          0,           0,         338,      -8.551729343,      -7.088570606,      -8.160948641,       -7.08846804,      -9.431379574
          0,           0,         339,      -8.560740944,       -7.09790859,      -8.165225554,      -7.097618152,      -9.444134887
          0,           0,         340,      -8.569801295,      -7.107279281,      -8.169426709,      -7.106768279,      -9.456940762
          0,           0,         341,      -8.578912299,      -7.116688244,      -8.173678748,      -7.115928102,      -9.469797256
          0,           0,         342,      -8.588075556,      -7.126140532,      -8.178102554,      -7.125107878,      -9.482703508
          0,           0,         343,      -8.597292136,      -7.135640563,       -8.18281035,      -7.134317958,      -9.495660168
          0,           0,         344,      -8.606562526,      -7.145191985,      -8.187903613,      -7.143568455,      -9.508667668
          0,           0,         345,      -8.615886709,      -7.154797559,      -8.193471876,      -7.152869006,      -9.521726235
          0,           0,         346,      -8.625264352,      -7.164459046,      -8.199592349,      -7.162228582,      -9.534836076
          0,           0,         347,      -8.634695025,      -7.174177105,      -8.206330185,      -7.171655292,      -9.547997351
          0,           0,         348,      -8.644178392,      -7.183951218,      -8.213739164,      -7.181156169,       -9.56120974
          0,           0,         349,      -8.653714318,      -7.193779639,      -8.221862577,      -7.190736944,      -9.574473171
          0,           0,         350,       -8.66330284,      -7.203659387,      -8.230734009,      -7.200401833,      -9.587786988
          0,           0,         351,      -8.672944007,      -7.213586281,      -8.240377763,      -7.210153391,      -9.601150248
          0,           0,         352,      -8.682637699,      -7.223555027,      -8.250808554,      -7.219992419,      -9.614561628
          0,           0,         353,      -8.692383601,      -7.233559371,      -8.262030612,      -7.229917497,      -9.628019501
          0,           0,         354,      -8.702180552,      -7.243592343,      -8.274044254,      -7.239921945,      -9.641521894
          0,           0,         355,      -8.712022476,      -7.253646228,      -8.286862169,      -7.249997456,      -9.655066579
          0,           0,         356,      -8.721905474,      -7.263712565,      -8.300453518,        -7.2601453,      -9.668651068
          0,           0,         357,      -8.731830027,      -7.273782532,       -8.31477185,       -7.27036097,      -9.682272652
          0,           0,         358,      -8.741794206,      -7.283846976,      -8.329771217,      -7.280632859,      -9.695928463
          0,           0,         359,      -8.751795128,      -7.293896657,      -8.345397576,      -7.290947545,       -9.70961552
          0,           0,         360,        -8.7618302,      -7.303922467,      -8.361588293,       -7.30129185,      -9.723330758
          0,           0,         361,       -8.77189719,       -7.31391559,      -8.378271996,      -7.311652221,      -9.737071065
          0,           0,         362,      -8.781994087,      -7.323867682,      -8.395368082,      -7.322014425,      -9.750833318
          0,           0,         363,      -8.792119083,      -7.333771056,      -8.412786909,      -7.332363754,      -9.764614408
          0,           0,         364,      -8.802270536,      -7.343618851,      -8.430430703,      -7.342685341,      -9.778411271
          0,           0,         365,      -8.812446886,      -7.353405188,      -8.448195096,      -7.352964505,      -9.792220904
          0,           0,         366,      -8.822646563,      -7.363125267,      -8.465971315,      -7.363187084,      -9.806040392
          0,           0,         367,      -8.832867883,      -7.372775403,      -8.483649021,      -7.373339717,      -9.819866918
          0,           0,         368,      -8.843108942,      -7.382352954,      -8.501119608,      -7.383410066,      -9.833697796
          0,           0,         369,      -8.853367526,      -7.391856091,      -8.518279481,      -7.393387017,      -9.847530498
          0,           0,         370,      -8.863641159,      -7.401283486,      -8.535032306,      -7.403261076,      -9.861362717
          0,           0,         371,      -8.873927639,      -7.410634371,      -8.551289842,      -7.413025337,      -9.875192425
          0,           0,         372,       -8.88422623,      -7.419909738,      -8.566975313,      -7.422676849,      -9.889017846
          0,           0,         373,      -8.894538284,      -7.429113806,      -8.582035002,      -7.432216091,      -9.902837392
          0,           0,         374,      -8.904865437,      -7.438253287,      -8.596445787,      -7.441644103,      -9.916649652
          0,           0,         375,      -8.915207534,      -7.447335453,      -8.610206646,      -7.450962198,      -9.930453443
          0,           0,         376,      -8.925563181,       -7.45636732,      -8.623329136,      -7.460174792,      -9.944247854
          0,           0,         377,      -8.935931005,      -7.465355597,      -8.635833898,      -7.469290111,      -9.958032277
          0,           0,         378,      -8.946309925,      -7.474306744,      -8.647749904,      -7.478318431,      -9.971806419
          0,           0,         379,      -8.956698877,      -7.483226967,      -8.659112754,      -7.487270451,      -9.985570296
          0,           0,         380,      -8.967096606,      -7.492122191,        -8.6699616,      -7.496156669,       -9.99932424
          0,           0,         381,       -8.97750166,      -7.500998005,      -8.680335286,      -7.504987305,      -10.01306889
